gbm_bl,gbm_adv,lr_bl,lr_adv,svm_bl,svm_adv,rf_bl,rf_adv,ground_truth
0.780895329531475,0.32370310243438,0.690873324684474,0.00703490468436266,0.6641482,0.018584703,0.642,0.296,0
0.627466954132042,0.301145045559732,0.545670712896943,0.152312315918474,0.702130968,0.366340327,0.464,0.362,0
0.495807880183633,0.107076713335913,0.472015282663802,0.00223584310214802,0.321899286,0.001108889,0.448,0.122,0
0.600230752726553,0.0950479693583353,0.617055754568732,0.00347897305555187,0.871132595,0.00086498,0.558,0.15,0
0.325252368950087,0.102294761090026,0.305607744027392,0.0544865718880039,0.605417355,0.017627223,0.414,0.216,0
0.265771993441175,0.0621400717531571,0.279292473088096,0.00015004037542373,0.207280862,1.12E-05,0.302,0.172,0
0.206751264130547,0.113733862964478,0.275745321862088,0.00465395203383163,0.18887972,0.00125884,0.312,0.13,0
0.396358834580908,0.0699100988510077,0.414863664906712,0.0257562034125304,0.283026853,0.031506522,0.33,0.262,0
0.357714503272392,0.223771721864093,0.460627883480079,0.0158392665906051,0.114458105,0.004125694,0.338,0.268,0
0.303901477176083,0.133377802564322,0.204651691388807,0.199945788013969,0.13733208,0.069609393,0.43,0.186,0
0.405148645170286,0.195822867073607,0.395060232390675,0.012308290325188,0.275649344,0.002547473,0.376,0.2,0
0.534713502132897,0.344454555727293,0.336433259222746,0.0140576563120021,0.198687989,0.007888679,0.5,0.416,0
0.241243883994591,0.160461135191325,0.113965103223064,0.0661740706177762,0.029843409,0.070839052,0.446,0.284,0
0.379680977592895,0.146370815367368,0.489764327693057,0.00105594117113408,0.270940137,0.000135,0.314,0.278,0
0.656506070259034,0.0693068424445004,0.67108167562921,0.00438756805147266,0.914726129,0.001101859,0.534,0.174,0
0.482706481147634,0.141499044550264,0.463819969399571,0.0418633478226323,0.185117902,0.0307467,0.514,0.234,0
0.135011193463094,0.732739951519553,0.202177950920202,0.350272378867686,0.073667224,0.220168344,0.22,0.626,0
0.635163483588602,0.172517926815262,0.667296423932843,0.0506481022693377,0.464872286,0.015122659,0.526,0.19,0
0.231874945513568,0.257032462833487,0.254955614498819,0.0228584566918889,0.090123422,0.027275747,0.29,0.292,0
0.195447049477877,0.108703146280696,0.0449685928362615,0.0104779084181334,0.010967235,0.00146664,0.404,0.178,0
0.284457617295988,0.339847046506194,0.446583423910673,0.0879193435562342,0.219659837,0.018814161,0.354,0.386,0
0.50477921228135,0.203680728494998,0.587385610122096,0.0689824619396627,0.702933516,0.051622702,0.54,0.224,0
0.267911144029463,0.602517219593949,0.295293590254273,0.494012503361096,0.070211965,0.286963509,0.394,0.496,0
0.588555517382869,0.271138315361055,0.386087340861747,0.0565042424557239,0.273617648,0.034947386,0.512,0.3,0
0.268508501137328,0.334690886546156,0.369783726826818,0.254729636032877,0.121753945,0.171228219,0.352,0.354,0
0.763936052275413,0.82901851350986,0.94059732924571,0.693034722039484,0.990768352,0.657315515,0.724,0.714,0
0.42240827426608,0.133286394177033,0.516435106800579,0.000113123753782312,0.464322174,0.000114756,0.4,0.246,0
0.242879055478092,0.0605568379664637,0.319618454001326,0.964565922408237,0.147359483,0.990039347,0.372,0.476,0
0.340456919479714,0.0516756802842367,0.319900694759405,0.00127622832796319,0.342523763,0.000581553,0.328,0.128,0
0.457170543489821,0.227698195493869,0.302712417912677,0.0516401360520463,0.358219549,0.037950451,0.528,0.324,0
0.435217029564963,0.0531829014273058,0.203400972853572,0.000414229277445974,0.029082044,0.000125414,0.598,0.156,0
0.571225533609526,0.133905312129018,0.567587445294079,0.0913487655608302,0.608503469,0.089437294,0.546,0.256,0
0.40950148065047,0.288415954861591,0.345279051972542,0.0256504751538137,0.036392219,0.002734608,0.47,0.306,0
0.385702731677331,0.483834157903279,0.528604932198436,0.178609888583339,0.315565881,0.106955168,0.516,0.502,0
0.344274222476155,0.2854702263107,0.481501632766608,0.174634328504585,0.544997441,0.425159895,0.392,0.356,0
0.261248039439328,0.0802556990160552,0.180304380800229,0.00345924303016494,0.07986323,0.000692747,0.482,0.19,0
0.34216137324662,0.549102381818439,0.212843749007125,0.0650970774820995,0.032358379,0.114708942,0.402,0.432,0
0.30038235421696,0.271291332166768,0.433122667943893,0.0547894085526073,0.162701142,0.023253937,0.346,0.286,0
0.365078821117162,0.35837171506061,0.45820164104876,0.0425246028461832,0.330464762,0.030896708,0.382,0.29,0
0.384073657023597,0.071143133439397,0.426824391835486,0.00746068124283739,0.425117587,0.007198994,0.534,0.196,0
0.265024511466369,0.101766143977887,0.307667115708286,0.100010569479846,0.117419821,0.009298418,0.356,0.234,0
0.351845700271272,0.22987185234429,0.357866300219996,0.00994562723579917,0.124394386,0.002332247,0.328,0.262,0
0.629621365410104,0.511950055059302,0.545992704860528,0.148385086560488,0.938852937,0.024030681,0.478,0.532,0
0.303981085815545,0.158546746937922,0.351267846646302,0.0259042052107876,0.144515996,0.016504882,0.462,0.106,0
0.256275108561578,0.09560142004552,0.390446936899908,0.0360555351554418,0.145598647,0.02124954,0.314,0.182,0
0.400324487052724,0.208746440675205,0.414753636995557,0.91892293001077,0.573684423,0.841656819,0.49,0.386,0
0.363186356790445,0.085660157266318,0.290706433092138,0.0126150146591448,0.126761941,0.001604783,0.364,0.122,0
0.876286885383686,0.203229108725115,0.870061238760922,0.0904266572204384,0.89843961,0.05192291,0.684,0.358,0
0.477054158090732,0.248910404160387,0.439056524357487,0.0161626738825341,0.431902649,0.002832587,0.49,0.274,0
0.773212519520538,0.72420464262097,0.737837117401458,0.944904099161088,0.799426293,0.982110874,0.636,0.85,0
0.391423746499114,0.0542397949760891,0.29555444259629,0.00248852647969953,0.107338135,0.001013306,0.412,0.116,0
0.341034983385824,0.146556041734463,0.39837410426197,0.0455768454526361,0.488817259,0.021214058,0.488,0.238,0
0.283268108186119,0.0874717530111408,0.342118179048147,0.013107114972034,0.068571632,0.001370637,0.324,0.162,0
0.350887262893774,0.533583223886161,0.210478306041657,0.204246394995413,0.075157276,0.040159618,0.504,0.378,0
0.284481980947455,0.226849932840682,0.198005401093567,0.0723417852383162,0.017070726,0.019890907,0.456,0.264,0
0.578597569700342,0.465593108218738,0.157051960361611,0.0203245087899836,0.145237467,0.00760791,0.644,0.366,0
0.205122918438035,0.11332336571906,0.0591330340600171,0.00179473070446465,0.010435147,8.12E-05,0.326,0.158,0
0.493328290276893,0.0956566396339998,0.680689217191066,0.000644221186029077,0.788748672,0.000191017,0.446,0.28,0
0.489669444438248,0.487580927959274,0.549989448269258,0.0935499475038482,0.526781387,0.022784769,0.518,0.428,0
0.436008104226513,0.63351526115242,0.394493100828329,0.712365973709861,0.291148309,0.716344506,0.524,0.754,0
0.646389662890532,0.453611959139558,0.308308305868464,0.264699606053008,0.222297778,0.142369915,0.542,0.358,0
0.258637130267722,0.0650412947645292,0.206557651868152,0.973870286353158,0.187304714,5.59E-06,0.27,0.452,0
0.596039146201505,0.485044608858208,0.436933652166008,0.000980901530762287,0.458482982,0.000402631,0.584,0.412,0
0.3505735892581,0.0818646466300286,0.314539202011746,0.00582098645784604,0.058949927,0.002736887,0.368,0.14,0
0.226931032475038,0.404762563826246,0.299988635996258,0.089295787010912,0.209892182,0.159916192,0.31,0.394,0
0.499430272363819,0.0755367174932576,0.367494749062061,0.00054514533603436,0.482799604,7.31E-05,0.512,0.214,0
0.640102434490082,0.0287332187446543,0.284824731353642,0.00113818837281017,0.086659478,0.000486089,0.556,0.096,0
0.522117973572619,0.0791767342683175,0.638999538906089,0.00313785131736163,0.648588578,0.000787775,0.546,0.178,0
0.360035805397843,0.0777076939543925,0.37071041582316,0.00306145916800679,0.052875118,0.021447594,0.43,0.222,0
0.3812147688632,0.0414433392984234,0.385904192661335,0.00073016317774184,0.029217888,1.53E-05,0.456,0.384,0
0.37657871674057,0.0905572245157414,0.50614725115728,0.0095460578468677,0.398064268,0.001980423,0.312,0.2,0
0.585462197694235,0.433585430529581,0.467163575699426,0.304249278375207,0.677287082,0.238944827,0.548,0.416,0
0.395405539799969,0.18052699498654,0.504368788422062,0.0780873545370443,0.135317757,0.055393659,0.45,0.288,0
0.73554874861882,0.551659984666591,0.715143767100797,0.102437545963678,0.648764066,0.055105249,0.678,0.376,0
0.428836246584517,0.0442420574089368,0.500825730432099,0.00288424743004586,0.368478891,0.000562767,0.386,0.114,0
0.492794488759525,0.121094161825059,0.539471221667558,0.00856314471474262,0.15205399,0.008318036,0.53,0.298,0
0.603140377174875,0.204292114772183,0.723392913927415,0.148831471600595,0.742064887,0.119956897,0.578,0.322,0
0.25421123241252,0.630293461242661,0.229805554479367,0.068757674253895,0.2445667,0.01631008,0.362,0.6,0
0.476370036092525,0.186105287754206,0.317788986257055,0.0676640789515922,0.109247889,0.017658689,0.534,0.294,0
0.554388897358287,0.151529840892016,0.294451175733356,0.00233243966106206,0.204165146,0.000782133,0.466,0.28,0
0.257172980688151,0.239201585286427,0.254183727605717,0.00125388943292244,0.147633229,0.000436573,0.302,0.304,0
0.470836399315025,0.0795501671901001,0.527390081998192,0.00326685744088588,0.492575873,0.000151472,0.368,0.134,0
0.369288793653403,0.657259176037849,0.363076275662784,0.19353156839665,0.331497005,0.028234873,0.54,0.512,0
0.22579585908536,0.0452293101899573,0.331597625715927,0.000126327004865168,0.112138755,4.49E-05,0.32,0.1,0
0.38029378615891,0.0974131416290687,0.365321693243683,0.0120234157879964,0.171749943,0.002428002,0.312,0.208,0
0.654297910712215,0.138618451679553,0.512057520619229,0.0647270513767637,0.458548806,0.011600091,0.548,0.158,0
0.234278186297805,0.0858994392515955,0.256848469027294,0.000405621736630168,0.161063,9.13E-05,0.308,0.14,0
0.181108612350528,0.0515656802225178,0.166739352537378,0.000339560845639124,0.123017842,0.000185062,0.28,0.15,0
0.487532480566659,0.573538889364801,0.630289273384559,0.790512676960457,0.411518856,0.851884241,0.596,0.496,0
0.47658864497912,0.383470495530037,0.401868940492155,0.070357622310918,0.770656989,0.049219005,0.442,0.408,0
0.328597663291813,0.0520428259119251,0.407335477124483,0.00429600473692877,0.243960926,0.001129984,0.368,0.198,0
0.33009722796427,0.119505939215428,0.130733113114197,0.00492284294094892,0.048367041,0.001322235,0.488,0.184,0
0.48220523130251,0.320215409335434,0.68115790218957,0.0398348284899464,0.709887375,0.020639099,0.372,0.278,0
0.323389861266142,0.509543257207482,0.538055593251745,0.206602851947277,0.352201711,0.031834631,0.338,0.692,0
0.213739031464532,0.093449393223954,0.238018193098829,0.000433029378190351,0.082217605,0.000318527,0.278,0.304,0
0.46335013945989,0.312981543804695,0.178868881083422,0.105138519464214,0.015850724,0.004460314,0.494,0.31,0
0.400862879323102,0.0632424318052719,0.235762253755733,0.000202521210319031,0.07528127,7.13E-06,0.492,0.244,0
0.361434370028865,0.348467991708487,0.341278183619188,0.0525341948201992,0.643868252,0.031527652,0.33,0.38,0
0.402033021867489,0.236200391244336,0.362902592539275,0.0311265463604495,0.063748085,0.019665397,0.426,0.312,0
0.359132931571969,0.307604118058911,0.388622077827933,0.0457147321189138,0.054344753,0.014618785,0.48,0.312,0
0.445981927603122,0.327232626418633,0.479020271187858,0.112170652704856,0.067938297,0.151193015,0.46,0.544,0
0.431332437393575,0.331731712255776,0.595227665866092,0.142564107374354,0.861371896,0.149313554,0.452,0.31,0
0.573056296816864,0.336079141944157,0.363531523979763,0.0237007760256545,0.052734659,0.010381252,0.6,0.384,0
0.291180463146216,0.0465199267683142,0.14315520581512,0.000899869649944435,0.077670178,0.000287335,0.424,0.188,0
0.522323093094604,0.396186329304346,0.198312908795997,0.195328181164685,0.068894163,0.236764236,0.536,0.344,0
0.188127316752373,0.424104838458452,0.23301550968398,0.0786240792293636,0.104676897,0.030980196,0.464,0.39,0
0.351053291306698,0.835551444818463,0.350010405400506,0.196513150535214,0.098719488,0.087241236,0.394,0.638,0
0.423139389936087,0.0866153737872639,0.404413307379596,0.0015740300361148,0.332437688,3.71E-05,0.482,0.14,0
0.607348421297112,0.181681543240697,0.526717333432391,0.0137233934861732,0.238312621,0.012074383,0.542,0.244,0
0.344595594176812,0.23787920029399,0.423171382656333,0.028133314446197,0.245543256,0.004815729,0.366,0.408,0
0.412533926524706,0.149771912674862,0.600458723902143,0.121596731936832,0.644284027,0.076228134,0.45,0.216,0
0.520624249447127,0.10304914977477,0.428113493862183,0.00637330749998497,0.424473769,0.005254647,0.522,0.276,0
0.349517859249185,0.123788205135402,0.329665830728606,0.0666935460279693,0.313779121,0.044881192,0.352,0.264,0
0.383034688681899,0.160578696201546,0.237408206546133,0.0110023010062891,0.34143136,0.006963739,0.488,0.216,0
0.5803395119834,0.517282497223406,0.558170803111244,0.480926532235204,0.792811517,0.258288798,0.57,0.514,0
0.261419308703053,0.285959344966191,0.297012111926908,0.029982727679598,0.124240673,0.037286501,0.266,0.32,0
0.43423582996511,0.0655698641160291,0.280096564973464,0.00254037149664916,0.260505997,0.001156296,0.494,0.184,0
0.445205031723697,0.121424638917419,0.554620379101341,0.054234526330663,0.949643717,0.019008744,0.464,0.258,0
0.218429591679134,0.163529464711264,0.229946064843759,0.0701397792148563,0.233872355,0.024693141,0.34,0.26,0
0.420712441892868,0.470787344785274,0.407267763594585,0.0974196787707423,0.077203039,0.10469929,0.44,0.624,0
0.33394345300124,0.0729419309754867,0.375982402656484,0.00862445444893266,0.170619074,0.000374444,0.366,0.19,0
0.195936843969807,0.0941921632729278,0.0825685582797567,0.0256483895501383,0.024100348,0.001893605,0.278,0.224,0
0.257608539329138,0.101441844536677,0.148912580428063,0.0151104029035044,0.137369734,0.019493755,0.44,0.27,0
0.500569293544641,0.294485327779295,0.557485409595051,0.0666973473214009,0.308945407,0.052915222,0.502,0.304,0
0.515057560709157,0.182472156382589,0.628569593007544,0.00552835630640492,0.550163099,0.016670648,0.422,0.324,0
0.418821488376741,0.0682076652788008,0.172455659510963,7.15866464704951e-05,0.571927117,7.35E-06,0.566,0.124,0
0.270442556104268,0.185802450746228,0.190723364051498,0.00120831208993029,0.035927053,6.36E-06,0.43,0.352,0
0.41035364569647,0.160566512959084,0.285656680951576,0.00308033976628701,0.127047807,0.000673276,0.438,0.324,0
0.358936279789064,0.145844778168317,0.128817574509358,0.0262505148749216,0.004376665,0.011407654,0.464,0.144,0
0.179116947380233,0.100717257595272,0.284268245631477,0.00522801446144269,0.085073175,0.001744649,0.182,0.136,0
0.307795843099748,0.191146205441381,0.326626788269756,0.00410050609959683,0.520748729,0.000800242,0.358,0.212,0
0.435367963679819,0.212783442968075,0.215514899488163,0.0220386074389568,0.029322254,0.032413744,0.486,0.224,0
0.26084964305518,0.0582860254623685,0.219249238939612,0.00178254155337341,0.175259188,0.00049317,0.436,0.164,0
0.474168545593051,0.0970135153247632,0.638544744120767,0.00581618724940118,0.559097872,0.00097073,0.406,0.272,0
0.539905471478685,0.0762684426430248,0.199454203609388,0.00578745983962081,0.182884141,0.000868134,0.47,0.214,0
0.220483420625687,0.127139546141451,0.177052496004227,0.00341012891417125,0.544956658,0.000994786,0.418,0.184,0
0.269790235326088,0.238425352350687,0.301127931404491,0.0373950772760278,0.124506026,0.019935465,0.238,0.282,0
0.16447717744444,0.125204576457348,0.14827408758674,0.245122282724985,0.016762704,0.03393106,0.172,0.326,0
0.579467529584992,0.159879153613765,0.364439099983711,0.0946846280949831,0.113380886,0.036672368,0.516,0.3,0
0.408633572396752,0.22308787555829,0.409993606510841,0.0119200328554326,0.150403119,0.007617686,0.432,0.25,0
0.390659875083344,0.2267968515381,0.558601632739278,0.0336072236198614,0.320016436,0.020015767,0.386,0.31,0
0.401084474293407,0.822759994451331,0.572377188612302,0.699255512237003,0.309585869,0.819409221,0.368,0.802,0
0.479106805922813,0.157922380148514,0.483163553153343,0.0103085323515011,0.541485962,0.004933008,0.494,0.234,0
0.30127364237312,0.168880485813863,0.27333913109924,0.0311415897468132,0.191878984,0.006958112,0.284,0.224,0
0.320265411254481,0.179142230673343,0.376951842842261,0.00502286853811489,0.5,0.004381746,0.48,0.29,0
0.276107427875515,0.362323262746933,0.143866898588858,0.0641503162441094,0.031547243,0.016849585,0.464,0.414,0
0.332393671097201,0.496038382597354,0.281804637084242,0.329016125241841,0.136431808,0.212236081,0.38,0.398,0
0.501377457226895,0.377999265325229,0.115647677601954,0.372453579230351,0.227602431,0.408512014,0.58,0.488,0
0.320280526437272,0.163448506512097,0.451273960240185,0.0360500473991941,0.352788874,0.010110495,0.352,0.194,0
0.474416208389121,0.210485223734097,0.379645474267772,0.00847849149304648,0.10258779,0.008145157,0.504,0.302,0
0.606092559783515,0.777752364067565,0.531442922124184,0.189051978418974,0.411523645,0.037828339,0.546,0.692,0
0.345830297089418,0.237074341196481,0.360806347819395,0.0379604057732518,0.113274659,0.028787686,0.398,0.294,0
0.439281580853942,0.351930404752026,0.459142212869324,0.00636412404169566,0.365558709,0.027278292,0.544,0.346,0
0.239675366624537,0.0696297716615019,0.088202882957839,0.00125006267591475,0.054607866,0.000261597,0.43,0.168,0
0.634451676070715,0.86748758172301,0.659949018391558,0.56088830893071,0.67336905,0.617095067,0.55,0.702,0
0.619620061738991,0.267952068046635,0.475882536381796,0.0298368034872598,0.194146834,0.015736976,0.612,0.268,0
0.63625523804366,0.224415362795034,0.40204169110082,0.0166554647508844,0.075646738,0.004562124,0.292,0.218,0
0.274781513608686,0.376896709262869,0.285225183454648,0.104166826721216,0.078279299,0.009458411,0.362,0.358,0
0.449134471079132,0.422682981454561,0.529178208426048,0.269755686892804,0.347784298,0.090269065,0.318,0.404,0
0.378482035054268,0.0791297717493173,0.253636014035361,0.0468221526253804,0.118364534,0.002374642,0.466,0.314,0
0.267425151373087,0.0976969940804028,0.423082839006332,0.0378175503154141,0.255011564,0.017462328,0.324,0.134,0
0.707559265284639,0.840146762959015,0.716464770621136,0.879701609710251,0.980199079,0.975029317,0.648,0.808,0
0.594559602159093,0.0823918055598211,0.55717962401993,0.00145928649011269,0.374793802,0.000215136,0.56,0.152,0
0.360819059944547,0.0544912586059323,0.231890971536056,0.000579358512868774,0.259541668,7.36E-05,0.48,0.128,0
0.422351284707677,0.184852057083674,0.627605854806602,0.017783848664639,0.490828033,0.012668715,0.444,0.208,0
0.205775175059248,0.0627220054166668,0.182951688683928,0.00372516681156749,0.172775878,0.000282157,0.316,0.192,0
0.447625854321873,0.0983646247752507,0.0598713937255027,0.000867645920032549,0.035147684,2.51E-05,0.528,0.288,0
0.528660994055844,0.0838827736879685,0.21727957183839,0.000242872601298943,0.005594617,2.77E-05,0.466,0.35,0
0.365971649685763,0.535760991364746,0.441708576172228,0.144084035543872,0.322985131,0.141098179,0.284,0.408,0
0.269625500686065,0.0870652106833271,0.224022657759653,0.000967352026908862,0.07917796,0.000147502,0.278,0.222,0
0.218131410145505,0.0438386779936837,0.369678253238741,0.0022115692505716,0.367215592,0.001221582,0.312,0.168,0
0.449965296187638,0.20478017694687,0.526252168698535,0.00615237911676376,0.033680958,0.001007705,0.544,0.276,0
0.280032136333847,0.0326386425987978,0.132423364289073,5.55428661564257e-05,0.126611138,9.91E-06,0.398,0.178,0
0.276368522140501,0.109460876345871,0.162176874008701,0.021993850305853,0.157024458,0.013149233,0.446,0.21,0
0.65114984916456,0.142372126627177,0.465383889783187,0.0546038841965548,0.465028296,0.05821744,0.574,0.274,0
0.720450337591748,0.49838715685559,0.596054915101889,0.921755887593201,0.829882251,0.964952147,0.542,0.574,0
0.301933643365936,0.240636321063157,0.397696005530221,0.000570166058072719,0.671330901,0.000304628,0.272,0.324,0
0.4741381076787,0.17287673796293,0.166964674247908,0.0294629656603244,0.811966372,0.011039212,0.586,0.246,0
0.373477631757407,0.165056128937879,0.55727100407142,0.0831146218817864,0.425797209,0.032914081,0.396,0.198,0
0.301328114813179,0.141432929285297,0.413094268533962,0.0462995127340381,0.148479497,0.026777799,0.326,0.212,0
0.486832704363643,0.469093639848792,0.442128697000528,0.2604151873719,0.154754975,0.173599435,0.544,0.454,0
0.693449774880616,0.436957449085157,0.97344846698711,0.156661285349159,0.79939923,0.179451293,0.694,0.584,0
0.192848806475648,0.0657319093282816,0.232351472100365,0.000423508235507556,0.060870393,7.4E-05,0.24,0.124,0
0.397001810969087,0.383384889578519,0.0450715130387097,0.136428247823016,0.009174015,0.209194103,0.514,0.476,0
0.688212238235546,0.419141800132054,0.576978851155785,0.194039795603493,0.286444852,0.205822996,0.524,0.402,0
0.365724683161526,0.464223444542568,0.451663058745297,0.161582194085994,0.140452408,0.098346929,0.416,0.376,0
0.393434570736159,0.0804250518890251,0.516809168204972,0.00121415383170959,0.392189526,0.000396058,0.4,0.178,0
0.725541449767538,0.0731310631438808,0.577425252901717,0.00114774057269948,0.461480673,0.00116524,0.632,0.164,0
0.405188993128131,0.794206200921874,0.530131136847578,0.793365575746919,0.813476489,0.730003471,0.404,0.778,0
0.338571997893964,0.479271301768232,0.493749780739736,0.00744364274768308,0.262957758,0.004619186,0.386,0.326,0
0.439192852097945,0.538282215876304,0.432508723859368,0.394815933180959,0.287969185,0.129402512,0.358,0.588,0
0.549710021127775,0.0495053150398579,0.573300157176592,0.00226378239316646,0.941780401,0.000511625,0.58,0.09,0
0.400304096408592,0.0438620036738195,0.107443038864645,0.0002781906438033,0.085364803,3.01E-05,0.508,0.31,0
0.315095267647022,0.142578915193408,0.0581488443043597,0.00533176605553488,0.013912758,0.000416271,0.478,0.178,0
0.215921957111195,0.132538110443783,0.0771117066873,0.0366703143364405,0.014007585,0.009515457,0.296,0.248,0
0.401182035071927,0.275950599982574,0.479613562605801,0.110202703007008,0.643727732,0.045715031,0.512,0.31,0
0.279637600589415,0.339297607641476,0.289895873433155,0.183904992392922,0.381964909,0.062815746,0.346,0.358,0
0.360942820300636,0.0719043283737193,0.311057464540754,0.00774645208541786,0.270220776,0.000606297,0.472,0.21,0
0.257142003894922,0.161217048411778,0.315826094319932,0.0617392696610252,0.086173376,0.071752221,0.334,0.232,0
0.315952492180865,0.093686646674007,0.32274855827078,0.00117231925031225,0.087410606,0.000145861,0.36,0.146,0
0.256107471018597,0.88530424380652,0.37223746571049,0.98620359782097,0.446973223,0.99613598,0.284,0.964,1
0.746191112058803,0.870798216032867,0.686276475368068,0.911613466566763,0.581660299,0.963124182,0.588,0.776,1
0.20909342771335,0.807646744915775,0.166315575470752,0.970905763161584,0.088414567,0.924005015,0.44,0.558,1
0.766296279112646,0.711524697604789,0.739810912512601,0.997009424152867,0.916924959,0.996483818,0.706,0.492,1
0.543079610110027,0.913664468773177,0.796182318183149,0.996849044562048,0.9720736,0.999998671,0.586,0.864,1
0.749730670389508,0.909754533871284,0.763974266706864,0.991942292064817,0.990256791,0.999988541,0.588,0.93,1
0.495968944918296,0.948376614923794,0.647942102512535,0.998607663460817,0.833254704,0.999989142,0.432,0.892,1
0.578809683496412,0.530522464620089,0.564178158059618,0.99039273235017,0.816984474,0.999999768,0.55,0.53,1
0.841068408711415,0.95359568437424,0.955875005503076,0.985860995987722,0.999998621,0.990855153,0.792,0.928,1
0.511283613991734,0.684520982952497,0.740739052054951,0.915160743649753,0.788622077,0.962260255,0.544,0.612,1
0.36312778197123,0.90323372947054,0.43829280616234,0.970835377317531,0.361211752,0.99007394,0.352,0.756,1
0.791099126304473,0.913796393752151,0.877708585778508,0.938635394348928,0.922200059,0.982536279,0.616,0.724,1
0.64702531215407,0.778884883057622,0.651742295065971,0.978558430573974,0.954097841,0.990187537,0.582,0.852,1
0.760332509055878,0.957748622778595,0.827463519906465,0.998172866002195,0.964754561,0.999999724,0.606,0.91,1
0.472287262712513,0.708608389576579,0.572467649329643,0.704965728655227,0.878165214,0.873920806,0.414,0.632,1
0.557335128326411,0.903344106022857,0.580376319932637,0.998711986081865,0.587696511,0.999993694,0.504,0.748,1
0.183031863475228,0.272689434783336,0.10368069087832,0.884484416626124,0.05893997,0.671994004,0.232,0.378,1
0.532340799525696,0.455412435628373,0.680804805968485,0.589386775699816,0.575395307,0.481146949,0.588,0.59,1
0.627153518997863,0.906287810226272,0.648523040426433,0.964497343916947,0.914165279,0.976806564,0.544,0.896,1
0.571425229866308,0.702457624165939,0.355477601049059,0.912483197042431,0.910677375,0.968692997,0.558,0.81,1
0.660790356459849,0.398850702993832,0.758108728320754,0.845048276687651,0.912572632,0.950969076,0.586,0.434,1
0.462629234526568,0.906366281083267,0.460629359472973,0.991532643317497,0.705144223,0.999987717,0.442,0.92,1
0.396103301822108,0.536194614861674,0.428856583954662,0.167668478838349,0.620649124,0.241717465,0.486,0.476,1
0.878100214951719,0.837080467250318,0.880569759361902,0.983944017933645,0.995312288,0.991015936,0.618,0.828,1
0.655904234595087,0.929737065693127,0.584382467678063,0.990165156268894,0.719199079,0.994823703,0.53,0.732,1
0.46748144022665,0.669238898841246,0.452804998763634,0.809716650879177,0.486501133,0.922735088,0.364,0.868,1
0.359048262764747,0.649358446199042,0.5772443561527,0.874046590080785,0.746528131,0.95167879,0.448,0.62,1
0.697150538874796,0.799274508325181,0.675887694096226,0.884667969126519,0.977876406,0.956376119,0.586,0.688,1
0.703357120214234,0.453212290125512,0.751449693405591,0.77865385763032,0.991790779,0.96093453,0.62,0.5,1
0.343944572002195,0.684823749135042,0.338271103410811,0.929467124708689,0.523988296,0.899136658,0.442,0.66,1
0.66678295116854,0.873412966956864,0.337550041318232,0.992256218867049,0.93404806,0.996948982,0.7,0.75,1
0.419901107345076,0.758610894193959,0.399581270865182,0.938052593608125,0.480241231,0.961736315,0.366,0.604,1
0.699126202332021,0.786342224056424,0.724415017854558,0.917444980786069,0.916280384,0.941624673,0.53,0.69,1
0.538319397139102,0.542143016831745,0.371704791937516,0.809920709994537,0.18206702,0.887789942,0.552,0.418,1
0.456518693980865,0.515945922947977,0.431088846669334,0.844337100216178,0.776042403,0.917993689,0.566,0.62,1
0.303919232171936,0.911712441192686,0.410805263457719,0.999215620761979,0.214883463,0.999998282,0.356,0.852,1
0.336589286899574,0.815672529386328,0.54322197941916,0.990944504905619,0.5,0.999995394,0.4,0.634,1
0.522349390783763,0.86793136709894,0.467237952219284,0.965068511932369,0.726643889,0.996556051,0.452,0.634,1
0.368391040523078,0.84061434486789,0.460747997902999,0.999370037930613,0.876871384,0.999999914,0.524,0.66,1
0.519591709885679,0.609501294652018,0.710450255053547,0.701055628901736,0.920893822,0.738189218,0.444,0.814,1
0.665280701782766,0.789087925313044,0.830439582935143,0.96715978026495,0.989475275,0.996621206,0.642,0.714,1
0.776199361688463,0.486573039772691,0.978764012705692,0.960799200925141,0.942517788,0.999994955,0.792,0.64,1
0.562839987654626,0.733031332064782,0.602184226340585,0.9949518805475,0.811562597,0.999998965,0.586,0.672,1
0.468115585129596,0.887328766046685,0.369620670532029,0.975280618225752,0.511277171,0.986318515,0.408,0.886,1
0.756601296778449,0.894838037889057,0.834707049033288,0.971217677002301,0.981188272,0.982419195,0.596,0.826,1
0.39489905022156,0.834103919749582,0.427214963493622,0.91384099203479,0.475478947,0.955741352,0.528,0.632,1
0.413628632978545,0.921117618551168,0.618420067575554,0.960782706053811,0.574514995,0.971979688,0.342,0.754,1
0.429898180135375,0.57794549331191,0.552405701209786,0.937690026573469,0.853296723,0.955688598,0.488,0.784,1
0.693524577465472,0.751095585127266,0.497054412332063,0.997681304614087,0.470154226,0.99594131,0.59,0.68,1
0.541518408556871,0.865059729407219,0.675039424135381,0.989504230037444,0.824068155,0.995253324,0.438,0.788,1
0.467655122845914,0.949859900835299,0.583824171910854,0.964078529320156,0.732171292,0.980886563,0.624,0.8,1
0.693449453226837,0.841366215697522,0.496420475716842,0.991048154978161,0.955768768,0.999997439,0.638,0.674,1
0.495133693059353,0.791048073000936,0.683114309407865,0.999341294384219,0.647247537,0.99999933,0.54,0.658,1
0.34903230279037,0.885202829909214,0.53155355927508,0.986279303643606,0.575886123,0.996547143,0.46,0.782,1
0.702726892919935,0.872854247586727,0.837041450145472,0.993756604840347,0.955274861,0.99705228,0.688,0.79,1
0.439110896923825,0.65725880509667,0.549642028381933,0.79186486311251,0.588812209,0.873138159,0.41,0.854,1
0.759005722876741,0.906684628583713,0.788659702179228,0.999787385131386,0.932902562,0.999999906,0.596,0.872,1
0.558460798019124,0.79266241017817,0.672756807544824,0.997755412192493,0.884829613,0.995248982,0.54,0.718,1
0.438055434350214,0.812605747430528,0.594314473069234,0.99019575396617,0.84415495,0.999993976,0.524,0.79,1
0.516082048912658,0.803933430556259,0.696597609208332,0.960383813846663,0.943429512,0.98732038,0.532,0.606,1
0.608418253408865,0.733904866746829,0.69310820493442,0.828966382227803,0.847548659,0.931800673,0.524,0.824,1
0.516999981335064,0.917567124942544,0.598619353627809,0.995550507371738,0.699154301,0.9999965,0.5,0.904,1
0.387376784423958,0.573325731667464,0.37215321137709,0.886206744502915,0.450038919,0.889386304,0.45,0.588,1
0.425803236563826,0.594347153207564,0.459939442958539,0.94026146760608,0.785708758,0.929620678,0.582,0.464,1
0.389712219949755,0.815588588580797,0.501208448259056,0.920998296627028,0.641742121,0.958020997,0.484,0.734,1
0.662208828321651,0.834794151587842,0.43745552056029,0.989024848976157,0.903771101,0.990493022,0.646,0.704,1
0.73375203005941,0.899134036509656,0.833404135656879,0.994276694434311,0.980772251,0.9931587,0.602,0.582,1
0.726693888650828,0.578357922026753,0.710931010236882,0.817524998761907,0.73929826,0.941051627,0.644,0.506,1
0.777443208834848,0.764359182392115,0.766578362268543,0.991310074563741,0.944472478,0.999982255,0.64,0.73,1
0.888238971203441,0.863369960713296,0.999233254275621,0.979374013485022,0.999999998,0.994730044,0.768,0.812,1
0.506815107525824,0.908598093161912,0.551522789218616,0.986738127047928,0.661391399,0.997435985,0.532,0.892,1
0.552736928055714,0.833785703522402,0.579719508708391,0.995326668149379,0.951339239,0.99998947,0.47,0.812,1
0.556755568745798,0.769581839183413,0.397524357108691,0.843106419891029,0.18215233,0.970041215,0.574,0.79,1
0.554995883194515,0.698794952370291,0.681852467095851,0.900725951816128,0.846038017,0.970120616,0.468,0.612,1
0.638971527195813,0.857883476386672,0.716125798020553,0.933479844162067,0.935638137,0.978105517,0.544,0.838,1
0.538381544097209,0.923480169035526,0.293188446484482,0.999835562341281,0.293767186,0.999999712,0.548,0.744,1
0.539400507906651,0.856570483690028,0.475260904931378,0.96149458042786,0.433022177,0.956169486,0.5,0.852,1
0.589424599039908,0.600130813522386,0.583905738471422,0.759598593372078,0.513494269,0.848209481,0.552,0.598,1
0.564721388402089,0.411901165462422,0.504595181096014,0.510326268873443,0.748209703,0.589020954,0.536,0.516,1
0.416420699773556,0.696816877328537,0.430686841159908,0.93942800705666,0.45641052,0.956273969,0.468,0.632,1
0.649778258797761,0.649512850616184,0.687933339878721,0.919326835600034,0.817923832,0.986171812,0.578,0.622,1
0.476086680477667,0.399935581289575,0.3314316709877,0.466921436319839,0.233246208,0.393074366,0.466,0.53,1
0.171074595235448,0.453604702526825,0.149980490272777,0.8273539902705,0.215095457,0.834300607,0.304,0.484,1
0.642749836996427,0.544419728303894,0.723586409914748,0.909521526569567,0.854426333,0.924876924,0.464,0.592,1
0.29154060193924,0.604466160751731,0.497852927786399,0.997959728153533,0.652032476,0.99387871,0.322,0.514,1
0.658530621125573,0.790691539838583,0.588587433828695,0.984348690579331,0.828753921,0.991787612,0.664,0.714,1
0.596025234467042,0.839647533177093,0.736909459696887,0.988184998643083,0.568884766,0.989958012,0.574,0.57,1
0.81526003146411,0.847408874521947,0.902599154210202,0.995903746384615,0.986634781,0.999990368,0.714,0.932,1
0.430965084543522,0.753337960175244,0.337331752219766,0.93865284864795,0.633135333,0.886676461,0.502,0.624,1
0.19901872386162,0.853700609710334,0.246592477266381,0.95588049868042,0.042846562,0.984703147,0.424,0.888,1
0.38393655699514,0.710622231377615,0.479494394386007,0.879476965955279,0.55699466,0.865646837,0.506,0.634,1
0.85977677892921,0.792908134485716,0.923177382172566,0.904742541128826,0.995622451,0.960595593,0.644,0.694,1
0.733442158786098,0.964633466335556,0.686332169380375,0.994300945728078,0.922589144,0.999995312,0.576,0.94,1
0.512540523711032,0.868156176997034,0.56966237047398,0.971038713189868,0.829229809,0.991198002,0.546,0.892,1
0.763866111496454,0.180533279368572,0.877357062420249,0.169276302153664,0.974080075,0.129645553,0.678,0.306,1
0.571938251456612,0.747125405567802,0.627256856327618,0.919917800905448,0.847197037,0.932770765,0.534,0.842,1
0.530055060071788,0.504669132406544,0.599894188440883,0.773409054860214,0.692644816,0.732095593,0.582,0.662,1
0.486199341946197,0.86455905887214,0.46546371787672,0.995538514443146,0.735898977,0.999991811,0.488,0.896,1
0.543957456381023,0.602532169692754,0.598416378166387,0.809128095486258,0.925253851,0.948072435,0.516,0.53,1
0.340900440468936,0.770189150508767,0.524589292350329,0.481592764543294,0.600525951,0.551910187,0.28,0.862,1
0.29588219296419,0.777213799213947,0.127050497380376,0.941614144936939,0.355673633,0.975176793,0.494,0.916,1
0.644594292405818,0.871563655447395,0.542482382543583,0.900654622451433,0.819754265,0.876326904,0.574,0.884,1
0.687622852182383,0.811274503365453,0.690465741907133,0.837954505243504,0.957049225,0.881963558,0.634,0.89,1
0.686633108120213,0.560333759787081,0.912139610125932,0.968841378495695,0.999999996,0.996137685,0.846,0.61,1
0.403588507083696,0.762771570768941,0.608666649386347,0.952308474897753,0.803271705,0.981278238,0.458,0.722,1
0.378116997702794,0.526589106440524,0.442818070645652,0.963796713953666,0.71820311,0.959344401,0.378,0.496,1
0.725769816556608,0.945149649535615,0.772786279907327,0.998105190561312,0.874550305,0.999996365,0.634,0.806,1
0.574190304593338,0.816693071953305,0.54634469273033,0.986055135139951,0.581847044,0.995224825,0.474,0.788,1
0.478272487469099,0.498240881679635,0.585374730273191,0.386361852411557,0.401125615,0.50730785,0.416,0.476,1
0.794358335573443,0.636785291504011,0.93230272005371,0.888544936602043,0.948935909,0.912461732,0.666,0.682,1
0.612340713864058,0.790062934448303,0.714328584945509,0.988393390316332,0.774806032,0.999983902,0.542,0.65,1
0.525422012150822,0.557563960791227,0.38024559024695,0.778174121718267,0.517941416,0.837748696,0.546,0.624,1
0.522987698276715,0.838716770706492,0.299827749870257,0.89575442023525,0.154134319,0.952094506,0.63,0.854,1
0.817087754371219,0.341766767182826,0.910220552875886,0.941373733379861,0.993623793,0.994201601,0.666,0.47,1
0.558333256658209,0.82116927452495,0.70473141479384,0.949034997229994,0.305445822,0.991555229,0.654,0.8,1
0.621537856466912,0.616782740288547,0.607403530083311,0.939851896726334,0.757836339,0.912531784,0.462,0.558,1
0.583812854072886,0.837034647298499,0.623901491729219,0.957398488808337,0.643753435,0.97519991,0.55,0.666,1
0.72705505765978,0.889017661065599,0.434509472407023,0.9987309042628,0.750969315,0.997141724,0.584,0.706,1
0.686524743273706,0.913240496607794,0.711188698552699,0.931210184683462,0.583115929,0.974174248,0.592,0.856,1
0.712025724397036,0.767407708534924,0.699945237869608,0.993950064242574,0.82061422,0.995485835,0.624,0.668,1
0.516460993337751,0.925785044587017,0.320069018304983,0.95482950566123,0.461907344,0.961987858,0.564,0.886,1
0.727824229461442,0.873087388770621,0.711989781677111,0.833619224816366,0.581858538,0.949325356,0.584,0.664,1
0.705278172044362,0.926630537525993,0.434066907768963,0.96058352817919,0.83349686,0.986287868,0.65,0.776,1
0.631985303089099,0.887640032594837,0.602135351776706,0.889236549726772,0.806597874,0.842839564,0.54,0.81,1
0.636351367114377,0.915945410887313,0.599036098333958,0.997693257679509,0.970158646,0.999999541,0.594,0.884,1
0.60274361374551,0.811768621114784,0.606546591233112,0.780741915782819,0.225698159,0.654221595,0.694,0.756,1
0.587574262366559,0.771175461701596,0.566091426700344,0.987491017698552,0.745968264,0.995633901,0.51,0.676,1
0.56842708678579,0.839561618756293,0.711362623912696,0.892410456301536,0.85692626,0.921627415,0.428,0.76,1
0.703209727974226,0.949825365528195,0.723470380189739,0.994558823540366,0.938709105,0.993689112,0.596,0.81,1
0.454041478181407,0.654365523165717,0.487366702430187,0.971867921076068,0.443216308,0.979615316,0.514,0.732,1
0.602109559922815,0.857107641128507,0.762788280568538,0.990787556369421,0.921119223,0.996175908,0.588,0.76,1
0.669468289107033,0.918336156482687,0.974224375763048,0.986700432631603,0.891011397,0.989260999,0.772,0.846,1
0.60494605918498,0.856620029089536,0.624193113596895,0.933604586248674,0.620834109,0.960062332,0.6,0.89,1
0.613414915278673,0.82422865519902,0.921389308175407,0.962548837884322,0.999999998,0.991857126,0.738,0.78,1
0.764179671368973,0.903448492073958,0.601552846188307,0.956207337799169,0.580522477,0.98546303,0.674,0.788,1
0.750936720953611,0.504879791845341,0.888379480526925,0.615077309127801,0.990299528,0.691436809,0.624,0.622,1
0.886327460999158,0.762767547553101,0.978363253972522,0.88225392740831,0.999999942,0.955868388,0.764,0.912,1
0.712806411707105,0.894824017555075,0.422304504575936,0.996147601189514,0.884922254,0.995240012,0.664,0.7,1
0.650468949231345,0.931484720935017,0.555320961318231,0.962543241174761,0.966075104,0.975904598,0.58,0.848,1
0.434944793599877,0.909833469753165,0.275326615824206,0.996017428090236,0.093318474,0.99656494,0.57,0.734,1
0.765007709081513,0.874039040186055,0.194829665952132,0.997676512279612,0.002391423,0.994391587,0.698,0.66,1
0.343516615675634,0.899926592292513,0.351626000503653,0.993436521072563,0.427244189,0.990336113,0.486,0.898,1
0.602676958662484,0.879742749423575,0.481741744332335,0.978673782607537,0.349429589,0.989286598,0.566,0.796,1
0.836051961103893,0.731215476618242,0.914318287313972,0.982731750316548,0.999994531,0.991793927,0.652,0.654,1
0.484029154299279,0.814368608005872,0.306162204775163,0.991970100067952,0.381193938,0.99008364,0.64,0.68,1
0.642265485474039,0.74728675645491,0.787337917452306,0.993059578803051,0.09695522,0.980244604,0.564,0.528,1
0.51504973366892,0.17277715612956,0.522728036012065,0.327499573921036,0.594176881,0.441472998,0.446,0.212,1
0.448678873428628,0.923691364371352,0.661749486249438,0.985661095188173,0.764574723,0.99174076,0.408,0.92,1
0.696167488810306,0.903760669900927,0.882210249836369,0.975684063528925,0.953821249,0.988413886,0.73,0.922,1
0.486501835891263,0.443618260944547,0.537304491264992,0.786136076410094,0.825819139,0.850595069,0.562,0.394,1
0.682077144673056,0.913614404589414,0.827669830676439,0.999085526430484,0.983360429,0.999999544,0.61,0.924,1
0.654443094586543,0.700890812131933,0.653901911756803,0.994720790184152,0.89279522,0.995970985,0.626,0.622,1
0.788179172269971,0.808250457890571,0.887461185082462,0.992698997747384,0.992280237,0.997219664,0.768,0.758,1
0.668408004587684,0.765253625929012,0.695450821147438,0.995318270593147,0.681386642,0.999998498,0.644,0.624,1
0.882880533369624,0.924727911608642,0.932247256719791,0.873927640460589,0.996874981,0.892860392,0.688,0.874,1
0.454473608978348,0.908432850593814,0.657885866778483,0.996804243849624,0.869056219,0.992306432,0.468,0.798,1
0.648938630137374,0.913516023633959,0.657815476256439,0.820658156206661,0.67866066,0.637086658,0.4,0.756,1
0.59193004406321,0.808482699269005,0.486109677316747,0.933684926926616,0.233521998,0.97416323,0.498,0.776,1
0.559896587178875,0.411848844577353,0.427993581766578,0.698617321012306,0.170481287,0.793477272,0.586,0.642,1
0.803339585897238,0.812756794363183,0.570958766042097,0.993254370285321,0.813589022,0.9740719,0.598,0.668,1
0.720353045770668,0.893530664399384,0.817595159593736,0.881285698803882,0.924755848,0.946659814,0.572,0.882,1
0.653791779549624,0.931682640349122,0.480602469303172,0.996952066129764,0.5,0.997430602,0.56,0.866,1
0.680048665091393,0.923743734845368,0.144758998416869,0.967496164076197,0.360246017,0.981329194,0.576,0.906,1
0.679880608862985,0.931728004361461,0.673060454458793,0.965079739975511,0.921462432,0.993618684,0.63,0.93,1
0.730436930903268,0.923568166425986,0.785751999048347,0.979201303141977,0.98717627,0.988441818,0.65,0.744,1
0.708183214489019,0.871263447579688,0.476479167123931,0.991078252408403,0.360439267,0.994017942,0.56,0.788,1
0.533284244086951,0.908153826968044,0.566316227482653,0.99421584244757,0.62113788,0.99999498,0.546,0.958,1
0.482728998745532,0.853562592096461,0.449006452261538,0.982671423777273,0.558456556,0.993442492,0.514,0.918,1
0.504021190758183,0.587597943720692,0.514394223869233,0.610092663244974,0.714831674,0.692723012,0.516,0.74,1
0.695983303774322,0.284560769394592,0.675011288630277,0.71485754601521,0.90817634,0.787052654,0.528,0.45,1
0.282399309414659,0.412016058514696,0.214377517449879,0.782701239994856,0.025018453,0.787732965,0.516,0.528,1
0.669145597482086,0.911968460629068,0.662556678890228,0.976592792522813,0.857231308,0.989182476,0.636,0.824,1
0.710865236296154,0.939243797037503,0.490845980000267,0.989651484995882,0.693074689,0.987223597,0.594,0.848,1
0.709729165895631,0.953314930242503,0.633029598216353,0.999194124899031,0.855535653,0.999999575,0.588,0.864,1
0.597875277806678,0.956926380511473,0.54814084860969,0.996503815288296,0.891034292,0.999995988,0.582,0.982,1
0.618238350850172,0.808423730226455,0.695623261580948,0.812010785044253,0.333744323,0.86894338,0.536,0.618,1
0.359434943381376,0.874140344353896,0.401490097556815,0.975975068855725,0.134704381,0.992437012,0.476,0.9,1
0.538970161973937,0.812375091849826,0.586078974327207,0.921330791729973,0.763959255,0.921615045,0.398,0.78,1
0.765689156795844,0.914161193114035,0.889369308000314,0.963813208190661,0.992033271,0.987973764,0.608,0.832,1
0.711839068077604,0.652041931519654,0.696475332948523,0.918648137193755,0.893207825,0.968682982,0.594,0.618,1
0.600123074655046,0.355621783295481,0.656222793532848,0.598807518035593,0.916935154,0.737633531,0.598,0.516,1
0.477856065007016,0.831553628466859,0.587055004777247,0.979798304945451,0.794319953,0.994360419,0.542,0.544,1
0.496469858730349,0.805916165586113,0.735053831377874,0.773900551391097,0.976048416,0.931400402,0.576,0.872,1
0.607193457917735,0.679756176111167,0.699674371790305,0.902952241938586,0.920416864,0.906051189,0.51,0.768,1
0.29236023758128,0.126032866492605,0.44859401235815,0.0296262503902923,0.239463506,0.083376134,0.348,0.246,1
0.491958288739688,0.901597992302186,0.0781432046780929,0.992111225577271,0.003304749,0.999992787,0.518,0.734,1
0.504772959010166,0.873108316759852,0.313962836116861,0.968664128157075,0.20826858,0.976864273,0.562,0.798,1
0.706349998408656,0.779952583481077,0.342144070207676,0.999999999937056,0.246550677,0.994851211,0.572,0.488,1
0.298630250436238,0.768999055375927,0.315850488026932,0.960861940316906,0.422654732,0.959368411,0.334,0.754,1
0.412902046044421,0.816335509798634,0.335362226569447,0.995784811469148,0.673107137,0.996998377,0.44,0.776,1
0.646378123643566,0.514926606433353,0.766525698174298,0.9617642039925,0.790295399,0.949858516,0.62,0.544,1
0.740287816576302,0.935610346634172,0.680702195825533,0.998351416789289,0.944907256,0.999998147,0.602,0.768,1
0.576012086562,0.913332372623193,0.575661667575189,0.950852354091834,0.647881561,0.975826744,0.618,0.92,1
0.662133692034123,0.752904139358214,0.606897282987163,0.951859436768122,0.821578933,0.981915915,0.636,0.802,1
0.547065197770834,0.587115393712921,0.548779156503363,0.935713783379011,0.303948663,0.963251416,0.556,0.546,1
0.649657324593867,0.944369259160382,0.541968358148903,0.993378040062404,0.814005093,0.99998229,0.534,0.896,1
0.417681349947618,0.254409021852832,0.632691640727012,0.388154951924347,0.16680364,0.311934272,0.472,0.346,1
0.752968740301286,0.725582490278696,0.828274225931132,0.972723670668851,0.99123676,0.98835925,0.654,0.642,1
0.785133258653838,0.440908651899926,0.849030604898776,0.74107702515417,0.923044959,0.470764409,0.748,0.428,1
0.506656835082508,0.878638300398805,0.342136583908655,0.970790616696667,0.5,0.987209881,0.546,0.806,1